{"main_category": {"Art": 0.44890795631825275, "Comics": 0.5914152662482284, "Crafts": 0.2705295471987721, "Dance": 0.6543520850825637, "Design": 0.41592082955486337, "Fashion": 0.28284616162637805, "Film & Video": 0.41788931561156045, "Food": 0.2759136664550648, "Games": 0.4389200561009818, "Journalism": 0.24397299903567984, "Music": 0.526298552433353, "Photography": 0.3411084735266797, "Publishing": 0.3473300765255697, "Technology": 0.23785402647341566, "Theater": 0.6379613356766256}, "country": {"AT": 0.22061855670103092, "AU": 0.30380894800483677, "BE": 0.29063097514340347, "CA": 0.3341956345998383, "CH": 0.28680981595092025, "DE": 0.27270081490104775, "DK": 0.38876889848812096, "ES": 0.2626801922050187, "FR": 0.3603174603174603, "GB": 0.40970359555902625, "HK": 0.4528301886792453, "IE": 0.30307467057101023, "IT": 0.18531025749261293, "JP": 0.30434782608695654, "LU": 0.3333333333333333, "MX": 0.2806520198440822, "NL": 0.25591041061800085, "NO": 0.27835051546391754, "NZ": 0.3516483516483517, "SE": 0.3373094764744864, "SG": 0.3920704845814978, "US": 0.4181964967592345}}